{"cameraMode":{"drawMode":0,"name":"Shaded","section":"Shading Mode"},"sceneLighting":true,"audioPlay":false,"sceneViewState":{"showFog":true,"showMaterialUpdate":false,"showSkybox":true,"showFlares":true,"showImageEffects":true,"showParticleSystems":true},"in2DMode":false,"pivot":{"x":276.5999755859375,"y":63.100006103515628,"z":-39.0},"rotation":{"x":-0.3225630223751068,"y":-0.04428602382540703,"z":0.015112720429897309,"w":-0.9453906416893005},"size":1502.1353759765625,"orthographic":false}